{
  "scaler_mean": [
    19.723383815598517,
    22.541577550924693
  ],
  "scaler_scale": [
    8.9395584074065,
    14.561141344416908
  ],
  "lr_coef": [
    -0.7789732922944506,
    0.26453226285406606
  ],
  "lr_intercept": -2.462284937144115
}